{
    "cumulative_return": 2.764143402028415,
    "sharpe_ratio": 4.361687554394462
}