{
    "cumulative_return": 1.2579848590790887,
    "sharpe_ratio": 2.8026022419138568
}