{
    "cumulative_return": 2.1056091465951776,
    "sharpe_ratio": 3.6218225917042157
}