{
    "cumulative_return": 2.5441757591598595,
    "sharpe_ratio": 3.885297503054801
}