{
    "cumulative_return": 1.485993916259614,
    "sharpe_ratio": 3.022722925148153
}