{
    "cumulative_return": 2.620152534204468,
    "sharpe_ratio": 4.014115933765192
}