{
    "cumulative_return": 2.778440788056863,
    "sharpe_ratio": 4.135574072479424
}