{
    "cumulative_return": 1.7448180445125687,
    "sharpe_ratio": 3.1759651755997007
}